Plant name,Installed_Power_kWp,Yield_Before_kWh,Yield_After_kWh,Yield_Gain_kWh,Equivalent_Hours_Before,Equivalent_Hours_After,Revenue_Before_OMR,Revenue_After_OMR,Revenue_Gain_OMR,CO2_Before_kg,CO2_After_kg,CO2_Gain_kg
Villa 3,10.0,224.2,251.104,26.904000000000025,22.42,25.110400000000006,5.83,6.5296,0.6996000000000002,223.53,250.35360000000003,26.823600000000027
Villa 5,12.0,242.3,271.37600000000003,29.076000000000022,20.19,22.612800000000004,6.3,7.056,0.7560000000000002,241.57,270.5584,28.988400000000013
Farm 7,63.0,9848.4,11818.08,1969.6800000000003,131.09,157.308,214.73,257.676,42.946,8234.12,9880.944000000001,1646.8240000000005
Villa 6,12.0,2452.7,2845.1319999999996,392.4319999999998,203.73,236.32679999999996,63.56,73.72959999999999,10.169599999999988,2437.37,2827.3491999999997,389.97919999999976
Villa 4 inverter 4,12.0,2170.5,2517.7799999999997,347.27999999999975,180.83,209.7628,56.42,65.4472,9.027199999999993,2163.49,2509.6483999999996,346.1583999999998
Villa 2,12.0,2417.9,2804.764,386.86400000000003,201.48,233.71679999999998,62.86,72.9176,10.057599999999994,2410.45,2796.1219999999994,385.67199999999957
Main Villa,82.7,210290.9,262863.625,52572.725000000006,2524.74,3155.9249999999997,6263.89,7829.8625,1565.9724999999999,208169.91,260212.3875,52042.47750000001
