Plant name,Without_Yield,With_Yield,Yield_Gain,Without_Revenue,With_Revenue,Revenue_Gain
Villa 3,224.2,251.104,26.904000000000025,5.83,6.5296,0.6996000000000002
Villa 5,242.3,271.37600000000003,29.076000000000022,6.3,7.056,0.7560000000000002
Farm 7,9848.4,11621.112,1772.7119999999995,214.73,253.38139999999999,38.651399999999995
Villa 6,2452.7,2820.6049999999996,367.90499999999975,63.56,73.094,9.533999999999992
Villa 4 inverter 4,2170.5,2496.075,325.5749999999998,56.42,64.883,8.462999999999994
Villa 2,2417.9,2780.585,362.68499999999995,62.86,72.28899999999999,9.428999999999988
Main Villa,210290.9,258657.807,48366.90700000001,6263.89,7704.5847,1440.6947
