Plant name,بدون_PredAIoT_إنتاج,مع_PredAIoT_إنتاج,زيادة_الإنتاج_kWh,بدون_PredAIoT_إيرادات,مع_PredAIoT_إيرادات,زيادة_الإيرادات_OMR
Villa 3,224.2,251.104,26.904000000000025,5.83,6.5296,0.6996000000000002
Villa 5,242.3,271.37600000000003,29.076000000000022,6.3,7.056,0.7560000000000002
Farm 7,9848.4,11818.08,1969.6800000000003,214.73,257.676,42.946
Villa 6,2452.7,2845.1319999999996,392.4319999999998,63.56,73.72959999999999,10.169599999999988
Villa 4 inverter 4,2170.5,2517.7799999999997,347.27999999999975,56.42,65.4472,9.027199999999993
Villa 2,2417.9,2804.764,386.86400000000003,62.86,72.9176,10.057599999999994
Main Villa,210290.9,262863.625,52572.725000000006,6263.89,7829.8625,1565.9724999999999
